{
  "availability": 99.99153817352428,
  "performance": 84.7541199149255,
  "cost": 70.50548903890737,
  "security_score": 90.98899956714162,
  "timestamp": "2025-07-24T21:42:18.932085"
}