{
  "availability": 99.92972114601776,
  "performance": 94.29458955423716,
  "cost": 71.42862558171785,
  "security_score": 92.45820551239271,
  "timestamp": "2025-07-24T11:19:24.927294"
}