{
  "availability": 99.87690154681094,
  "performance": 91.68150983589899,
  "cost": 87.47183489776387,
  "security_score": 88.67999257022626,
  "timestamp": "2025-07-25T05:21:46.980669"
}