{
  "availability": 99.91227710823314,
  "performance": 80.49858420742,
  "cost": 71.69407710708968,
  "security_score": 94.81945454455509,
  "timestamp": "2025-07-25T08:56:12.856319"
}