{
  "availability": 99.86219488044684,
  "performance": 78.63526503338157,
  "cost": 70.16784360171286,
  "security_score": 88.33730062398438,
  "timestamp": "2025-07-24T17:06:42.504237"
}