{
  "availability": 99.89880721510848,
  "performance": 82.16698640817327,
  "cost": 78.89144610222264,
  "security_score": 89.18296840822588,
  "timestamp": "2025-07-24T20:10:30.211790"
}