{
  "availability": 99.97025431040483,
  "performance": 89.18736580413045,
  "cost": 81.1017475114686,
  "security_score": 89.01265839092189,
  "timestamp": "2025-07-25T04:10:22.241039"
}