{
  "availability": 99.94708679795754,
  "performance": 78.15840374756701,
  "cost": 73.60063905901593,
  "security_score": 88.3984745991258,
  "timestamp": "2025-07-24T17:27:10.736922"
}