{
  "availability": 99.92085858757105,
  "performance": 85.34001284741146,
  "cost": 75.44333751461393,
  "security_score": 94.38444177209374,
  "timestamp": "2025-07-24T16:35:57.260326"
}