{
  "availability": 99.95414747598637,
  "performance": 81.87663641976924,
  "cost": 75.89351029154847,
  "security_score": 94.64093277397816,
  "timestamp": "2025-07-25T01:16:45.698477"
}