{
  "availability": 99.87138691448276,
  "performance": 85.5745859711964,
  "cost": 81.64535135892378,
  "security_score": 88.24506446447016,
  "timestamp": "2025-07-25T06:12:50.521028"
}