{
  "availability": 99.90157476541297,
  "performance": 89.19799384132476,
  "cost": 78.17324627188717,
  "security_score": 87.13079827555238,
  "timestamp": "2025-07-24T14:23:17.910944"
}