{
  "availability": 99.98053257568517,
  "performance": 89.0150834970953,
  "cost": 83.47841709813015,
  "security_score": 92.77212188255697,
  "timestamp": "2025-07-24T20:00:18.101269"
}