{
  "availability": 99.97223037888189,
  "performance": 88.65044144011031,
  "cost": 76.4849012067333,
  "security_score": 92.93392346631697,
  "timestamp": "2025-07-25T00:15:33.146561"
}