{
  "availability": 99.96505781742377,
  "performance": 92.04632116157289,
  "cost": 78.01482509219403,
  "security_score": 94.38977115124607,
  "timestamp": "2025-07-25T00:05:21.133459"
}