{
  "availability": 99.94069218422617,
  "performance": 87.22696858673274,
  "cost": 79.0513954163521,
  "security_score": 94.72045640614785,
  "timestamp": "2025-07-24T21:32:08.907004"
}