{
  "availability": 99.9655549001763,
  "performance": 88.3575925500624,
  "cost": 72.8298675802023,
  "security_score": 93.1457512923571,
  "timestamp": "2025-07-25T05:11:34.873395"
}