{
  "availability": 99.91592038691117,
  "performance": 94.74400721892826,
  "cost": 83.29690895175662,
  "security_score": 94.70405882805201,
  "timestamp": "2025-07-25T09:37:02.293792"
}