{
  "availability": 99.93353103019427,
  "performance": 85.93773344063496,
  "cost": 80.33443266997548,
  "security_score": 88.62739270797933,
  "timestamp": "2025-07-24T15:55:08.844255"
}