{
  "availability": 99.99834622093843,
  "performance": 78.0119082516475,
  "cost": 73.09801283481,
  "security_score": 94.55829826244582,
  "timestamp": "2025-07-25T02:07:45.124509"
}