{
  "availability": 99.92751844237249,
  "performance": 86.24112063110795,
  "cost": 75.32851503504448,
  "security_score": 94.96977343766667,
  "timestamp": "2025-07-24T20:41:05.476332"
}