{
  "availability": 99.97789601048912,
  "performance": 84.9204290980423,
  "cost": 87.25803631674393,
  "security_score": 88.17845475863909,
  "timestamp": "2025-07-24T18:28:25.305900"
}