{
  "availability": 99.99400211396943,
  "performance": 85.97158251110847,
  "cost": 81.5233166334678,
  "security_score": 91.41038697325058,
  "timestamp": "2025-07-24T17:57:49.072145"
}