{
  "availability": 99.98111153166704,
  "performance": 86.87469594123675,
  "cost": 70.05063165223791,
  "security_score": 93.54226452470208,
  "timestamp": "2025-07-24T22:33:23.375556"
}