{
  "availability": 99.92535207756939,
  "performance": 91.34195736813051,
  "cost": 81.75616167413327,
  "security_score": 94.50156677464406,
  "timestamp": "2025-07-25T10:38:17.935932"
}