{
  "availability": 99.92788138475434,
  "performance": 94.18600046105871,
  "cost": 75.81421337078027,
  "security_score": 88.70241411133064,
  "timestamp": "2025-07-25T04:51:10.650776"
}