{
  "availability": 99.85547986645527,
  "performance": 81.97693198276436,
  "cost": 74.65857628730856,
  "security_score": 94.44122423493737,
  "timestamp": "2025-07-25T08:05:07.490677"
}