{
  "availability": 99.99910152256976,
  "performance": 77.34811356734426,
  "cost": 89.2771599043189,
  "security_score": 93.63228701347475,
  "timestamp": "2025-07-25T09:26:50.180609"
}