{
  "availability": 99.96777723555708,
  "performance": 78.35021838284179,
  "cost": 77.72279165893823,
  "security_score": 91.3648536168142,
  "timestamp": "2025-07-24T17:37:25.851156"
}