{
  "availability": 99.93561074807042,
  "performance": 86.37996255378096,
  "cost": 75.04982926910584,
  "security_score": 92.2535836046158,
  "timestamp": "2025-07-24T20:30:53.437939"
}