{
  "availability": 99.88032985663881,
  "performance": 87.88248431056631,
  "cost": 85.82103181954774,
  "security_score": 90.34659244467332,
  "timestamp": "2025-07-25T03:39:42.906163"
}