{
  "availability": 99.97074618142275,
  "performance": 90.5141947576108,
  "cost": 89.74625924290473,
  "security_score": 93.11060724640231,
  "timestamp": "2025-07-25T00:35:57.373399"
}