{
  "availability": 99.93792034571601,
  "performance": 83.34250849906923,
  "cost": 80.15240438202203,
  "security_score": 93.68837931851365,
  "timestamp": "2025-07-24T18:38:37.413765"
}