{
  "availability": 99.85397631547092,
  "performance": 89.79387565449444,
  "cost": 84.60153417340167,
  "security_score": 90.21680582564775,
  "timestamp": "2025-07-25T01:06:33.630802"
}