{
  "availability": 99.97489885861123,
  "performance": 90.42773669794789,
  "cost": 78.70616168904206,
  "security_score": 87.61411438743336,
  "timestamp": "2025-07-24T07:03:55.190723"
}