{
  "availability": 99.93340563409197,
  "performance": 76.4011476427659,
  "cost": 81.14255211312243,
  "security_score": 87.09796573825194,
  "timestamp": "2025-07-25T12:00:01.683223"
}