{
  "availability": 99.88461744395953,
  "performance": 89.42251132324392,
  "cost": 77.09607766752374,
  "security_score": 90.77735512148188,
  "timestamp": "2025-07-24T07:14:07.306427"
}