{
  "availability": 99.98486322902819,
  "performance": 86.80017725385429,
  "cost": 74.40759364803624,
  "security_score": 94.90955594308782,
  "timestamp": "2025-07-25T03:19:15.761584"
}