{
  "availability": 99.92312627944032,
  "performance": 78.11621724532053,
  "cost": 81.98938748343983,
  "security_score": 88.5458754358129,
  "timestamp": "2025-07-24T22:02:46.136630"
}