{
  "availability": 99.8612504808826,
  "performance": 91.89149848765523,
  "cost": 75.81838742569772,
  "security_score": 88.58846303972358,
  "timestamp": "2025-07-25T11:29:19.461053"
}