{
  "availability": 99.89231774012562,
  "performance": 86.66011939344249,
  "cost": 84.01521675607212,
  "security_score": 87.70377984000642,
  "timestamp": "2025-07-25T01:47:21.946248"
}