{
  "availability": 99.89181918883514,
  "performance": 84.96886456024133,
  "cost": 79.83598612931783,
  "security_score": 89.94543851996421,
  "timestamp": "2025-07-25T09:57:26.514191"
}