{
  "availability": 99.87552195092803,
  "performance": 82.25632977896679,
  "cost": 87.31035504543814,
  "security_score": 87.44953628990805,
  "timestamp": "2025-07-24T15:34:41.694395"
}