{
  "availability": 99.96716606088715,
  "performance": 89.34267984673066,
  "cost": 73.60406679231784,
  "security_score": 88.68170537899204,
  "timestamp": "2025-07-25T06:23:02.631244"
}