{
  "availability": 99.97832727096218,
  "performance": 84.7582477550573,
  "cost": 84.78279338808069,
  "security_score": 87.8733380774694,
  "timestamp": "2025-07-25T05:31:59.092467"
}