{
  "availability": 99.9447900145209,
  "performance": 86.45572853789136,
  "cost": 87.88145508365515,
  "security_score": 94.9256905886456,
  "timestamp": "2025-07-25T02:38:21.385191"
}