{
  "availability": 99.9464396150344,
  "performance": 85.86189178601725,
  "cost": 73.23186083991163,
  "security_score": 91.89758422955028,
  "timestamp": "2025-07-24T22:43:35.402464"
}