{
  "availability": 99.98347713521584,
  "performance": 81.74619952191357,
  "cost": 77.50192757553116,
  "security_score": 93.15079846877681,
  "timestamp": "2025-07-24T22:12:59.255116"
}