{
  "availability": 99.94207075219362,
  "performance": 79.47633021808264,
  "cost": 74.38794543063997,
  "security_score": 88.91288289833163,
  "timestamp": "2025-07-24T19:09:16.605933"
}