{
  "availability": 99.96308986300029,
  "performance": 94.48764823345597,
  "cost": 82.80210883999928,
  "security_score": 93.7864026593214,
  "timestamp": "2025-07-24T16:25:45.186469"
}