{
  "availability": 99.87975569571864,
  "performance": 82.5475267218731,
  "cost": 75.48131754250696,
  "security_score": 88.51532089251184,
  "timestamp": "2025-07-25T01:37:09.919436"
}