{
  "availability": 99.99331661974011,
  "performance": 85.81031203490573,
  "cost": 82.90614526883185,
  "security_score": 89.0393812954857,
  "timestamp": "2025-07-25T06:43:24.770990"
}