{
  "availability": 99.8591051413862,
  "performance": 87.69467815296728,
  "cost": 75.98526178035662,
  "security_score": 93.43324445867526,
  "timestamp": "2025-07-24T23:34:41.950920"
}