{
  "availability": 99.92943003751495,
  "performance": 91.84629959628606,
  "cost": 87.48034190997834,
  "security_score": 90.36084494005112,
  "timestamp": "2025-07-25T04:20:34.352538"
}