{
  "availability": 99.9868027934963,
  "performance": 80.21371097565108,
  "cost": 81.24850726290579,
  "security_score": 87.07734010190231,
  "timestamp": "2025-07-25T08:35:48.700671"
}