{
  "availability": 99.95282970360275,
  "performance": 82.2190185568059,
  "cost": 76.55605204990489,
  "security_score": 90.91181307343771,
  "timestamp": "2025-07-25T02:17:57.186591"
}