{
  "availability": 99.85779437292258,
  "performance": 80.40803916158778,
  "cost": 73.52175267038116,
  "security_score": 91.793914015756,
  "timestamp": "2025-07-24T18:59:01.560794"
}