{
  "availability": 99.85215500714561,
  "performance": 90.97010060533425,
  "cost": 81.72237756444338,
  "security_score": 91.22144600302629,
  "timestamp": "2025-07-25T09:06:24.960983"
}