{
  "availability": 99.8797868637716,
  "performance": 79.97575766645166,
  "cost": 89.63801375504572,
  "security_score": 88.102932520446,
  "timestamp": "2025-07-24T23:44:57.040383"
}