{
  "availability": 99.91857326831783,
  "performance": 78.62657201656438,
  "cost": 70.0073417213657,
  "security_score": 88.10934889124411,
  "timestamp": "2025-07-25T11:49:46.566693"
}