{
  "availability": 99.90250250958304,
  "performance": 84.3278852533749,
  "cost": 84.76322518819201,
  "security_score": 93.68584666100311,
  "timestamp": "2025-07-24T15:24:29.583807"
}