{
  "availability": 99.92387971217825,
  "performance": 87.51594411036592,
  "cost": 75.64294153230375,
  "security_score": 88.63901900222075,
  "timestamp": "2025-07-25T11:39:31.531390"
}