{
  "availability": 99.89835521427464,
  "performance": 92.46524619442015,
  "cost": 89.54532199022424,
  "security_score": 93.27559023158842,
  "timestamp": "2025-07-25T02:48:33.429308"
}