{
  "availability": 99.86993679563923,
  "performance": 90.18081973265633,
  "cost": 83.72368928735816,
  "security_score": 87.06033560288199,
  "timestamp": "2025-07-25T12:40:53.096897"
}