{
  "availability": 99.97308389948168,
  "performance": 85.62879981894892,
  "cost": 73.30852989810015,
  "security_score": 92.5787674054776,
  "timestamp": "2025-07-24T21:01:32.600852"
}