{
  "availability": 99.86910154911473,
  "performance": 86.11359225521797,
  "cost": 79.7232859396442,
  "security_score": 92.38137010981872,
  "timestamp": "2025-07-25T03:49:55.021327"
}