{
  "availability": 99.94014022400779,
  "performance": 93.33704510394895,
  "cost": 78.14306579491138,
  "security_score": 88.38011021397135,
  "timestamp": "2025-07-24T16:05:20.953934"
}