{
  "availability": 99.9051227629622,
  "performance": 78.4730239324184,
  "cost": 81.39626076887012,
  "security_score": 93.30900095999594,
  "timestamp": "2025-07-25T08:25:36.592483"
}