{
  "availability": 99.95141182288917,
  "performance": 75.10950124128786,
  "cost": 75.62168873919701,
  "security_score": 90.28311442185775,
  "timestamp": "2025-07-25T03:09:03.650761"
}