{
  "availability": 99.93077405957924,
  "performance": 77.91914435254282,
  "cost": 70.94549834983827,
  "security_score": 92.15851108755257,
  "timestamp": "2025-07-25T11:08:55.266982"
}