{
  "availability": 99.87095275069021,
  "performance": 92.15695676304311,
  "cost": 76.69475607063107,
  "security_score": 93.76132435686552,
  "timestamp": "2025-07-24T19:29:41.774369"
}