{
  "availability": 99.94541630706651,
  "performance": 80.72297085219452,
  "cost": 79.02740492861935,
  "security_score": 92.51429994845768,
  "timestamp": "2025-07-25T04:40:58.569576"
}