{
  "availability": 99.9754890937716,
  "performance": 87.82005755219217,
  "cost": 72.61793066953778,
  "security_score": 92.052180576362,
  "timestamp": "2025-07-24T19:39:53.883718"
}