{
  "availability": 99.93611777017591,
  "performance": 92.17591610294693,
  "cost": 76.0975995264125,
  "security_score": 90.58288999782322,
  "timestamp": "2025-07-24T10:58:57.690984"
}