{
  "availability": 99.88645842252222,
  "performance": 86.6163137219362,
  "cost": 81.91984762192062,
  "security_score": 92.85294408526812,
  "timestamp": "2025-07-25T00:46:09.485977"
}