{
  "availability": 99.91072716561322,
  "performance": 92.97048012835944,
  "cost": 76.02314547548943,
  "security_score": 92.27032393793752,
  "timestamp": "2025-07-25T10:28:05.821053"
}