{
  "availability": 99.87558079431116,
  "performance": 90.01199282122889,
  "cost": 75.25653701390013,
  "security_score": 87.94108546481041,
  "timestamp": "2025-07-24T11:29:37.033977"
}