{
  "availability": 99.87984166853,
  "performance": 88.16080481680804,
  "cost": 78.49576780194735,
  "security_score": 91.39266289693943,
  "timestamp": "2025-07-25T12:10:13.793342"
}