{
  "availability": 99.99910832581887,
  "performance": 84.8599621544549,
  "cost": 89.40859555579057,
  "security_score": 87.7893793635759,
  "timestamp": "2025-07-25T10:58:40.150897"
}