{
  "availability": 99.89697044822151,
  "performance": 75.23358618380234,
  "cost": 78.3892735009402,
  "security_score": 91.10678069787323,
  "timestamp": "2025-07-24T23:14:17.736149"
}