{
  "availability": 99.98638587044164,
  "performance": 79.70467691818283,
  "cost": 83.6437254992355,
  "security_score": 92.23931661823578,
  "timestamp": "2025-07-24T16:56:27.457675"
}