{
  "availability": 99.91932426239174,
  "performance": 78.34297142557122,
  "cost": 72.38556858751254,
  "security_score": 93.6687646925282,
  "timestamp": "2025-07-24T23:04:02.626697"
}