{
  "availability": 99.98463041218218,
  "performance": 83.11620347596448,
  "cost": 88.94416027310217,
  "security_score": 87.07555641530045,
  "timestamp": "2025-07-25T07:54:55.380794"
}