{
  "availability": 99.86472618728492,
  "performance": 86.15681923098134,
  "cost": 76.93738005713159,
  "security_score": 88.1910328962091,
  "timestamp": "2025-07-24T18:08:01.184710"
}