{
  "availability": 99.96586268278556,
  "performance": 85.97965428701487,
  "cost": 74.10904260364435,
  "security_score": 93.51644080345966,
  "timestamp": "2025-07-25T05:52:26.313577"
}