{
  "availability": 99.98412728192375,
  "performance": 81.92252098914598,
  "cost": 87.71930149060819,
  "security_score": 93.88894841666668,
  "timestamp": "2025-07-24T21:11:44.714357"
}