{
  "availability": 99.91631981074663,
  "performance": 91.87811494460414,
  "cost": 81.19218628488031,
  "security_score": 92.8514622242221,
  "timestamp": "2025-07-25T10:07:38.627271"
}